/*
 Navicat Premium Dump SQL

 Source Server         : localhost_3306
 Source Server Type    : MySQL
 Source Server Version : 80039 (8.0.39)
 Source Host           : localhost:3306
 Source Schema         : blog_system

 Target Server Type    : MySQL
 Target Server Version : 80039 (8.0.39)
 File Encoding         : 65001

 Date: 08/12/2025 22:41:02
*/

SET NAMES utf8mb4;
SET FOREIGN_KEY_CHECKS = 0;

-- ----------------------------
-- Table structure for post_tags
-- ----------------------------
DROP TABLE IF EXISTS `post_tags`;
CREATE TABLE `post_tags`  (
  `post_id` int NOT NULL,
  `tag_id` int NOT NULL,
  PRIMARY KEY (`post_id`, `tag_id`) USING BTREE,
  INDEX `tag_id`(`tag_id` ASC) USING BTREE,
  CONSTRAINT `post_tags_ibfk_1` FOREIGN KEY (`post_id`) REFERENCES `posts` (`id`) ON DELETE CASCADE ON UPDATE RESTRICT,
  CONSTRAINT `post_tags_ibfk_2` FOREIGN KEY (`tag_id`) REFERENCES `tags` (`id`) ON DELETE CASCADE ON UPDATE RESTRICT
) ENGINE = InnoDB CHARACTER SET = utf8mb4 COLLATE = utf8mb4_unicode_ci ROW_FORMAT = Dynamic;

-- ----------------------------
-- Records of post_tags
-- ----------------------------
INSERT INTO `post_tags` VALUES (6, 1);
INSERT INTO `post_tags` VALUES (10, 1);
INSERT INTO `post_tags` VALUES (9, 2);
INSERT INTO `post_tags` VALUES (6, 4);
INSERT INTO `post_tags` VALUES (9, 4);
INSERT INTO `post_tags` VALUES (10, 5);
INSERT INTO `post_tags` VALUES (9, 7);
INSERT INTO `post_tags` VALUES (6, 8);
INSERT INTO `post_tags` VALUES (10, 8);

-- ----------------------------
-- Table structure for posts
-- ----------------------------
DROP TABLE IF EXISTS `posts`;
CREATE TABLE `posts`  (
  `id` int NOT NULL AUTO_INCREMENT COMMENT '文章ID',
  `title` varchar(255) CHARACTER SET utf8mb4 COLLATE utf8mb4_unicode_ci NOT NULL COMMENT '文章标题',
  `summary` varchar(500) CHARACTER SET utf8mb4 COLLATE utf8mb4_unicode_ci NULL DEFAULT NULL COMMENT '文章摘要',
  `content` text CHARACTER SET utf8mb4 COLLATE utf8mb4_unicode_ci NOT NULL COMMENT '文章正文(Markdown/HTML)',
  `view_count` int NULL DEFAULT 0 COMMENT '阅读量',
  `status` tinyint NULL DEFAULT 1 COMMENT '状态: 0-草稿, 1-发布, 2-删除',
  `created_at` timestamp NULL DEFAULT CURRENT_TIMESTAMP COMMENT '发布时间',
  `updated_at` timestamp NULL DEFAULT CURRENT_TIMESTAMP ON UPDATE CURRENT_TIMESTAMP COMMENT '更新时间',
  PRIMARY KEY (`id`) USING BTREE
) ENGINE = InnoDB AUTO_INCREMENT = 39 CHARACTER SET = utf8mb4 COLLATE = utf8mb4_unicode_ci ROW_FORMAT = Dynamic;

-- ----------------------------
-- Records of posts
-- ----------------------------
INSERT INTO `posts` VALUES (6, '[AI 模拟] 关于 \"111\" 的模拟标题', '这是一篇关于 111 的模拟摘要。', '## 111 的核心概念\n\n这里是模拟生成的正文内容。\n\n1. 第一点\n2. 第二点\n\n**注意**：你当前处于模拟模式，请在后端 .env 文件中配置真实的 API_KEY 以启用真正的 AI 功能。', 0, 1, '2025-12-08 21:01:10', '2025-12-08 21:01:10');
INSERT INTO `posts` VALUES (9, '超下饭的家常番茄炒蛋，掌握2个技巧更入味', '分享番茄炒蛋的家常做法，只需掌握“糖提鲜、盐后放”2个关键技巧，鸡蛋嫩滑不柴，番茄酸甜入味！', '# 家常番茄炒蛋\n\n## 食材准备\n- 番茄：2个（中等大小）\n- 鸡蛋：3个\n- 小葱：1根\n- 盐、糖、生抽：适量\n\n## 烹饪步骤\n1. 鸡蛋打入碗中，加少许盐和温水搅匀（鸡蛋更嫩滑）；\n2. 番茄去皮切块（顶部划十字，开水烫10秒即可去皮）；\n3. 热锅冷油，倒入蛋液炒至定型盛出备用；\n4. 留底油，放入番茄块翻炒至出汁，加半勺糖提鲜；\n5. 倒回炒好的鸡蛋，加少许生抽和盐调味，翻炒均匀；\n6. 撒葱花，出锅装盘即可。\n\n## 小贴士\n- 番茄选熟透的，酸甜味更足；\n- 盐最后放，避免番茄出水过多。', 1258, 1, '2025-12-08 21:15:26', '2025-12-08 21:15:26');
INSERT INTO `posts` VALUES (10, '零失败红烧肉做法，肥而不腻的秘诀在这里', '新手也能做好的红烧肉，核心是“炒糖色+慢炖”，无需复杂调料，出锅软糯入味，肥而不腻！', '# 零失败红烧肉\n\n## 食材准备\n- 五花肉：500g（带皮三层肉最佳）\n- 姜片：5片\n- 葱段：适量\n- 冰糖：10g\n- 生抽、老抽、料酒：适量\n- 八角、桂皮：各1个（可选）\n\n## 烹饪步骤\n1. 五花肉切块，冷水下锅，加姜片+料酒焯水，撇去浮沫后捞出沥干；\n2. 热锅不放油，放入五花肉煸炒至表面微黄（逼出多余油脂）；\n3. 加冰糖小火炒至融化呈焦糖色，与五花肉翻炒均匀；\n4. 加生抽（提鲜）、老抽（上色）翻炒，倒入热水没过肉；\n5. 放入八角、桂皮、葱段，大火烧开后转小火慢炖40分钟；\n6. 大火收汁，至汤汁浓稠裹住肉块即可。\n\n## 小贴士\n- 焯水用冷水，炖肉用热水，避免肉质发柴；\n- 冰糖量根据口味调整，炒糖色别糊（会发苦）。', 2896, 1, '2025-12-08 21:15:26', '2025-12-08 21:15:26');
INSERT INTO `posts` VALUES (11, '正宗川味麻婆豆腐，麻辣鲜香的关键调料', '还原川菜经典麻婆豆腐，重点在“郫县豆瓣+花椒粉”，豆腐嫩而不碎，麻辣味透！', '# 正宗川味麻婆豆腐\n\n## 食材准备\n- 嫩豆腐：1盒（300g）\n- 牛肉末：50g（可选猪肉末）\n- 郫县豆瓣：1勺\n- 干辣椒、花椒：适量\n- 姜蒜末、葱花：少许\n- 生抽、淀粉、盐：适量\n\n## 烹饪步骤\n1. 豆腐切2cm见方的小块，开水加少许盐焯1分钟（防碎）；\n2. 热锅冷油，爆香姜蒜末+干辣椒+花椒，加牛肉末炒至变色；\n3. 加1勺郫县豆瓣炒出红油，倒入半碗清水，加生抽调味；\n4. 放入豆腐，小火煮3分钟（轻轻推拌，避免翻炒）；\n5. 水淀粉勾芡，撒花椒粉和葱花，出锅即可。\n\n## 小贴士\n- 豆腐选嫩豆腐，焯水加少许盐更入味；\n- 最后撒花椒粉是灵魂，喜欢麻味可多放。', 1987, 1, '2025-12-08 21:15:26', '2025-12-08 21:15:26');
INSERT INTO `posts` VALUES (12, '家常酸菜鱼，鱼片嫩滑不碎的3个技巧', '在家做酸菜鱼不用复杂步骤，掌握“鱼片上浆、酸菜炒香、小火煮鱼”，比饭店还好吃！', '# 家常酸菜鱼\n\n## 食材准备\n- 草鱼片：300g\n- 酸菜：1包（200g）\n- 泡椒、姜片、蒜末：适量\n- 蛋清：1个\n- 淀粉、料酒、盐：适量\n\n## 烹饪步骤\n1. 鱼片加料酒+盐+蛋清+淀粉抓匀，腌制10分钟（上浆锁水）；\n2. 酸菜切小段，泡椒切圈，姜蒜切末；\n3. 热锅冷油，爆香姜蒜末+泡椒，加酸菜炒出香味；\n4. 倒入足量清水（或骨汤），大火烧开后煮5分钟；\n5. 转小火，逐片放入鱼片，煮至变色（约1分钟，别煮太久）；\n6. 加少许盐调味，撒葱花，出锅即可。\n\n## 小贴士\n- 鱼片切厚一点，上浆后更嫩；\n- 煮鱼用小火，避免鱼片煮碎。', 2565, 1, '2025-12-08 21:15:26', '2025-12-08 21:20:34');
INSERT INTO `posts` VALUES (13, '酸甜微辣的宫保鸡丁，复刻饭店味道', '宫保鸡丁的核心是“汁料比例”，糖醋1:1，搭配花生的香脆，鸡肉滑嫩，超下饭！', '# 经典宫保鸡丁\n\n## 食材准备\n- 鸡胸肉：300g（或鸡腿肉）\n- 花生米：50g\n- 干辣椒、花椒：适量\n- 黄瓜、胡萝卜：各半根\n- 生抽、醋、糖、淀粉：适量\n\n## 烹饪步骤\n1. 鸡胸肉切丁，加料酒+盐+淀粉抓匀腌制10分钟；\n2. 调汁：生抽2勺+醋2勺+糖2勺+少许淀粉+半碗水，搅匀备用；\n3. 黄瓜、胡萝卜切丁，干辣椒剪段；\n4. 热锅冷油，爆香花椒+干辣椒，放入鸡丁炒至变色；\n5. 加胡萝卜丁翻炒，倒入调好的汁，煮至浓稠；\n6. 加黄瓜丁+花生米，翻炒均匀即可。\n\n## 小贴士\n- 花生米最后放，保持香脆；\n- 汁料比例可根据口味调整，酸甜微辣最佳。', 1752, 1, '2025-12-08 21:15:26', '2025-12-08 21:15:26');
INSERT INTO `posts` VALUES (14, '家常青椒炒肉，肉香不柴的秘诀', '青椒炒肉的关键是“先炒肉再炒青椒”，肉用生抽腌制，青椒炒至断生，简单又下饭！', '# 家常青椒炒肉\n\n## 食材准备\n- 猪肉（前腿肉）：200g（肥瘦相间）\n- 青椒：3个（线椒/杭椒均可）\n- 姜片、蒜末：少许\n- 生抽、老抽、盐：适量\n\n## 烹饪步骤\n1. 猪肉切片，加生抽+少许淀粉抓匀腌制5分钟；\n2. 青椒去籽切片，姜蒜切末；\n3. 热锅冷油，放入肉片炒至变色，盛出备用；\n4. 留底油，爆香姜蒜末，加青椒片翻炒至断生；\n5. 倒回肉片，加少许老抽上色，盐调味，翻炒均匀即可。\n\n## 小贴士\n- 猪肉选肥瘦相间的，炒出来更香；\n- 青椒别炒太久，保持脆嫩口感。', 1129, 1, '2025-12-08 21:15:26', '2025-12-08 21:15:26');
INSERT INTO `posts` VALUES (15, '鲜嫩不腥的清蒸鲈鱼，新手也能零失败', '清蒸鲈鱼的核心是“蒸制时间+去腥处理”，蒸好后淋热油+蒸鱼豉油，鲜掉眉毛！', '# 清蒸鲈鱼\n\n## 食材准备\n- 鲈鱼：1条（500g左右）\n- 姜片、葱段、葱丝：适量\n- 蒸鱼豉油、料酒、食用油：适量\n\n## 烹饪步骤\n1. 鲈鱼处理干净，鱼身划2刀（方便入味），用料酒+姜片腌制10分钟去腥；\n2. 蒸锅加水烧开，放入鲈鱼，大火蒸8-10分钟（根据鱼大小调整）；\n3. 取出鲈鱼，倒掉盘中的汤汁，挑出姜片和葱段；\n4. 铺上新的葱丝，淋上蒸鱼豉油；\n5. 热锅烧少许热油，淋在葱丝上，激出香味即可。\n\n## 小贴士\n- 蒸制时间别太长，否则肉质变老；\n- 最后淋热油是灵魂，香味更浓。', 2108, 1, '2025-12-08 21:15:26', '2025-12-08 21:15:26');
INSERT INTO `posts` VALUES (16, '软烂脱骨的红烧排骨，孩子超爱吃', '红烧排骨不用高压锅，小火慢炖也能软烂脱骨，调味简单，酱香浓郁！', '# 红烧排骨\n\n## 食材准备\n- 排骨：500g（肋排最佳）\n- 姜片、葱段：适量\n- 冰糖：8g\n- 生抽、老抽、料酒：适量\n- 八角：1个（可选）\n\n## 烹饪步骤\n1. 排骨冷水下锅，加姜片+料酒焯水，撇去浮沫后捞出；\n2. 热锅冷油，加冰糖小火炒至焦糖色，放入排骨翻炒均匀；\n3. 加生抽+老抽翻炒上色，倒入热水没过排骨；\n4. 放入葱段+八角，大火烧开后转小火炖60分钟；\n5. 大火收汁，至汤汁浓稠裹住排骨即可。\n\n## 小贴士\n- 排骨焯水去血沫，炖出来不腥；\n- 喜欢软烂的可多炖10分钟。', 2673, 1, '2025-12-08 21:15:26', '2025-12-08 21:15:26');
INSERT INTO `posts` VALUES (17, '川味水煮肉片，麻辣过瘾，配菜吸汁', '水煮肉片的关键是“汤底麻辣+肉片滑嫩”，配菜选豆芽/生菜，吸满汤汁超下饭！', '# 川味水煮肉片\n\n## 食材准备\n- 猪里脊肉：200g\n- 豆芽/生菜：200g\n- 干辣椒、花椒：适量\n- 郫县豆瓣：1勺\n- 姜蒜末、葱花：少许\n- 蛋清、淀粉：适量\n\n## 烹饪步骤\n1. 里脊肉切片，加料酒+盐+蛋清+淀粉抓匀腌制10分钟；\n2. 豆芽/生菜洗净，焯水后铺在碗底；\n3. 热锅冷油，爆香姜蒜末+郫县豆瓣，炒出红油；\n4. 倒入清水，加生抽调味，大火烧开；\n5. 转小火，放入肉片煮至变色，连汤倒入铺好配菜的碗中；\n6. 撒干辣椒+花椒，淋热油激香，撒葱花即可。\n\n## 小贴士\n- 肉片切薄一点，腌制后更嫩；\n- 热油温度要高，才能激出辣椒和花椒的香味。', 1895, 1, '2025-12-08 21:15:26', '2025-12-08 21:15:26');
INSERT INTO `posts` VALUES (18, '零失败可乐鸡翅，孩子的最爱', '可乐鸡翅只需2种主料，不用复杂调料，甜香入味，新手也能一次成功！', '# 可乐鸡翅\n\n## 食材准备\n- 鸡翅：8个\n- 可乐：1罐（330ml）\n- 姜片、料酒、生抽：适量\n- 盐：少许\n\n## 烹饪步骤\n1. 鸡翅两面划刀，冷水下锅，加姜片+料酒焯水，捞出沥干；\n2. 热锅冷油，放入鸡翅煎至两面微黄；\n3. 加1勺生抽翻炒上色，倒入可乐（没过鸡翅）；\n4. 大火烧开后转小火，煮15分钟；\n5. 加少许盐调味，大火收汁至汤汁浓稠即可。\n\n## 小贴士\n- 可乐选普通含糖可乐，别用无糖的；\n- 收汁时要不停搅拌，避免糊锅。', 3012, 1, '2025-12-08 21:15:26', '2025-12-08 21:15:26');
INSERT INTO `posts` VALUES (19, '超下饭的家常番茄炒蛋，掌握2个技巧更入味', '分享番茄炒蛋的家常做法，只需掌握“糖提鲜、盐后放”2个关键技巧，鸡蛋嫩滑不柴，番茄酸甜入味！', '# 家常番茄炒蛋\n\n## 食材准备\n- 番茄：2个（中等大小）\n- 鸡蛋：3个\n- 小葱：1根\n- 盐、糖、生抽：适量\n\n## 烹饪步骤\n1. 鸡蛋打入碗中，加少许盐和温水搅匀（鸡蛋更嫩滑）；\n2. 番茄去皮切块（顶部划十字，开水烫10秒即可去皮）；\n3. 热锅冷油，倒入蛋液炒至定型盛出备用；\n4. 留底油，放入番茄块翻炒至出汁，加半勺糖提鲜；\n5. 倒回炒好的鸡蛋，加少许生抽和盐调味，翻炒均匀；\n6. 撒葱花，出锅装盘即可。\n\n## 小贴士\n- 番茄选熟透的，酸甜味更足；\n- 盐最后放，避免番茄出水过多。', 1258, 1, '2025-12-08 21:16:31', '2025-12-08 21:16:31');
INSERT INTO `posts` VALUES (20, '零失败红烧肉做法，肥而不腻的秘诀在这里', '新手也能做好的红烧肉，核心是“炒糖色+慢炖”，无需复杂调料，出锅软糯入味，肥而不腻！', '# 零失败红烧肉\n\n## 食材准备\n- 五花肉：500g（带皮三层肉最佳）\n- 姜片：5片\n- 葱段：适量\n- 冰糖：10g\n- 生抽、老抽、料酒：适量\n- 八角、桂皮：各1个（可选）\n\n## 烹饪步骤\n1. 五花肉切块，冷水下锅，加姜片+料酒焯水，撇去浮沫后捞出沥干；\n2. 热锅不放油，放入五花肉煸炒至表面微黄（逼出多余油脂）；\n3. 加冰糖小火炒至融化呈焦糖色，与五花肉翻炒均匀；\n4. 加生抽（提鲜）、老抽（上色）翻炒，倒入热水没过肉；\n5. 放入八角、桂皮、葱段，大火烧开后转小火慢炖40分钟；\n6. 大火收汁，至汤汁浓稠裹住肉块即可。\n\n## 小贴士\n- 焯水用冷水，炖肉用热水，避免肉质发柴；\n- 冰糖量根据口味调整，炒糖色别糊（会发苦）。', 2896, 1, '2025-12-08 21:16:31', '2025-12-08 21:16:31');
INSERT INTO `posts` VALUES (21, '正宗川味麻婆豆腐，麻辣鲜香的关键调料', '还原川菜经典麻婆豆腐，重点在“郫县豆瓣+花椒粉”，豆腐嫩而不碎，麻辣味透！', '# 正宗川味麻婆豆腐\n\n## 食材准备\n- 嫩豆腐：1盒（300g）\n- 牛肉末：50g（可选猪肉末）\n- 郫县豆瓣：1勺\n- 干辣椒、花椒：适量\n- 姜蒜末、葱花：少许\n- 生抽、淀粉、盐：适量\n\n## 烹饪步骤\n1. 豆腐切2cm见方的小块，开水加少许盐焯1分钟（防碎）；\n2. 热锅冷油，爆香姜蒜末+干辣椒+花椒，加牛肉末炒至变色；\n3. 加1勺郫县豆瓣炒出红油，倒入半碗清水，加生抽调味；\n4. 放入豆腐，小火煮3分钟（轻轻推拌，避免翻炒）；\n5. 水淀粉勾芡，撒花椒粉和葱花，出锅即可。\n\n## 小贴士\n- 豆腐选嫩豆腐，焯水加少许盐更入味；\n- 最后撒花椒粉是灵魂，喜欢麻味可多放。', 1987, 1, '2025-12-08 21:16:31', '2025-12-08 21:16:31');
INSERT INTO `posts` VALUES (22, '家常酸菜鱼，鱼片嫩滑不碎的3个技巧', '在家做酸菜鱼不用复杂步骤，掌握“鱼片上浆、酸菜炒香、小火煮鱼”，比饭店还好吃！', '# 家常酸菜鱼\n\n## 食材准备\n- 草鱼片：300g\n- 酸菜：1包（200g）\n- 泡椒、姜片、蒜末：适量\n- 蛋清：1个\n- 淀粉、料酒、盐：适量\n\n## 烹饪步骤\n1. 鱼片加料酒+盐+蛋清+淀粉抓匀，腌制10分钟（上浆锁水）；\n2. 酸菜切小段，泡椒切圈，姜蒜切末；\n3. 热锅冷油，爆香姜蒜末+泡椒，加酸菜炒出香味；\n4. 倒入足量清水（或骨汤），大火烧开后煮5分钟；\n5. 转小火，逐片放入鱼片，煮至变色（约1分钟，别煮太久）；\n6. 加少许盐调味，撒葱花，出锅即可。\n\n## 小贴士\n- 鱼片切厚一点，上浆后更嫩；\n- 煮鱼用小火，避免鱼片煮碎。', 2564, 1, '2025-12-08 21:16:31', '2025-12-08 21:16:31');
INSERT INTO `posts` VALUES (23, '酸甜微辣的宫保鸡丁，复刻饭店味道', '宫保鸡丁的核心是“汁料比例”，糖醋1:1，搭配花生的香脆，鸡肉滑嫩，超下饭！', '# 经典宫保鸡丁\n\n## 食材准备\n- 鸡胸肉：300g（或鸡腿肉）\n- 花生米：50g\n- 干辣椒、花椒：适量\n- 黄瓜、胡萝卜：各半根\n- 生抽、醋、糖、淀粉：适量\n\n## 烹饪步骤\n1. 鸡胸肉切丁，加料酒+盐+淀粉抓匀腌制10分钟；\n2. 调汁：生抽2勺+醋2勺+糖2勺+少许淀粉+半碗水，搅匀备用；\n3. 黄瓜、胡萝卜切丁，干辣椒剪段；\n4. 热锅冷油，爆香花椒+干辣椒，放入鸡丁炒至变色；\n5. 加胡萝卜丁翻炒，倒入调好的汁，煮至浓稠；\n6. 加黄瓜丁+花生米，翻炒均匀即可。\n\n## 小贴士\n- 花生米最后放，保持香脆；\n- 汁料比例可根据口味调整，酸甜微辣最佳。', 1752, 1, '2025-12-08 21:16:31', '2025-12-08 21:16:31');
INSERT INTO `posts` VALUES (24, '家常青椒炒肉，肉香不柴的秘诀', '青椒炒肉的关键是“先炒肉再炒青椒”，肉用生抽腌制，青椒炒至断生，简单又下饭！', '# 家常青椒炒肉\n\n## 食材准备\n- 猪肉（前腿肉）：200g（肥瘦相间）\n- 青椒：3个（线椒/杭椒均可）\n- 姜片、蒜末：少许\n- 生抽、老抽、盐：适量\n\n## 烹饪步骤\n1. 猪肉切片，加生抽+少许淀粉抓匀腌制5分钟；\n2. 青椒去籽切片，姜蒜切末；\n3. 热锅冷油，放入肉片炒至变色，盛出备用；\n4. 留底油，爆香姜蒜末，加青椒片翻炒至断生；\n5. 倒回肉片，加少许老抽上色，盐调味，翻炒均匀即可。\n\n## 小贴士\n- 猪肉选肥瘦相间的，炒出来更香；\n- 青椒别炒太久，保持脆嫩口感。', 1129, 1, '2025-12-08 21:16:31', '2025-12-08 21:16:31');
INSERT INTO `posts` VALUES (25, '鲜嫩不腥的清蒸鲈鱼，新手也能零失败', '清蒸鲈鱼的核心是“蒸制时间+去腥处理”，蒸好后淋热油+蒸鱼豉油，鲜掉眉毛！', '# 清蒸鲈鱼\n\n## 食材准备\n- 鲈鱼：1条（500g左右）\n- 姜片、葱段、葱丝：适量\n- 蒸鱼豉油、料酒、食用油：适量\n\n## 烹饪步骤\n1. 鲈鱼处理干净，鱼身划2刀（方便入味），用料酒+姜片腌制10分钟去腥；\n2. 蒸锅加水烧开，放入鲈鱼，大火蒸8-10分钟（根据鱼大小调整）；\n3. 取出鲈鱼，倒掉盘中的汤汁，挑出姜片和葱段；\n4. 铺上新的葱丝，淋上蒸鱼豉油；\n5. 热锅烧少许热油，淋在葱丝上，激出香味即可。\n\n## 小贴士\n- 蒸制时间别太长，否则肉质变老；\n- 最后淋热油是灵魂，香味更浓。', 2108, 1, '2025-12-08 21:16:31', '2025-12-08 21:16:31');
INSERT INTO `posts` VALUES (26, '软烂脱骨的红烧排骨，孩子超爱吃', '红烧排骨不用高压锅，小火慢炖也能软烂脱骨，调味简单，酱香浓郁！', '# 红烧排骨\n\n## 食材准备\n- 排骨：500g（肋排最佳）\n- 姜片、葱段：适量\n- 冰糖：8g\n- 生抽、老抽、料酒：适量\n- 八角：1个（可选）\n\n## 烹饪步骤\n1. 排骨冷水下锅，加姜片+料酒焯水，撇去浮沫后捞出；\n2. 热锅冷油，加冰糖小火炒至焦糖色，放入排骨翻炒均匀；\n3. 加生抽+老抽翻炒上色，倒入热水没过排骨；\n4. 放入葱段+八角，大火烧开后转小火炖60分钟；\n5. 大火收汁，至汤汁浓稠裹住排骨即可。\n\n## 小贴士\n- 排骨焯水去血沫，炖出来不腥；\n- 喜欢软烂的可多炖10分钟。', 2673, 1, '2025-12-08 21:16:31', '2025-12-08 21:16:31');
INSERT INTO `posts` VALUES (27, '川味水煮肉片，麻辣过瘾，配菜吸汁', '水煮肉片的关键是“汤底麻辣+肉片滑嫩”，配菜选豆芽/生菜，吸满汤汁超下饭！', '# 川味水煮肉片\n\n## 食材准备\n- 猪里脊肉：200g\n- 豆芽/生菜：200g\n- 干辣椒、花椒：适量\n- 郫县豆瓣：1勺\n- 姜蒜末、葱花：少许\n- 蛋清、淀粉：适量\n\n## 烹饪步骤\n1. 里脊肉切片，加料酒+盐+蛋清+淀粉抓匀腌制10分钟；\n2. 豆芽/生菜洗净，焯水后铺在碗底；\n3. 热锅冷油，爆香姜蒜末+郫县豆瓣，炒出红油；\n4. 倒入清水，加生抽调味，大火烧开；\n5. 转小火，放入肉片煮至变色，连汤倒入铺好配菜的碗中；\n6. 撒干辣椒+花椒，淋热油激香，撒葱花即可。\n\n## 小贴士\n- 肉片切薄一点，腌制后更嫩；\n- 热油温度要高，才能激出辣椒和花椒的香味。', 1895, 1, '2025-12-08 21:16:31', '2025-12-08 21:16:31');
INSERT INTO `posts` VALUES (28, '零失败可乐鸡翅，孩子的最爱', '可乐鸡翅只需2种主料，不用复杂调料，甜香入味，新手也能一次成功！', '# 可乐鸡翅\n\n## 食材准备\n- 鸡翅：8个\n- 可乐：1罐（330ml）\n- 姜片、料酒、生抽：适量\n- 盐：少许\n\n## 烹饪步骤\n1. 鸡翅两面划刀，冷水下锅，加姜片+料酒焯水，捞出沥干；\n2. 热锅冷油，放入鸡翅煎至两面微黄；\n3. 加1勺生抽翻炒上色，倒入可乐（没过鸡翅）；\n4. 大火烧开后转小火，煮15分钟；\n5. 加少许盐调味，大火收汁至汤汁浓稠即可。\n\n## 小贴士\n- 可乐选普通含糖可乐，别用无糖的；\n- 收汁时要不停搅拌，避免糊锅。', 3012, 1, '2025-12-08 21:16:31', '2025-12-08 21:16:31');
INSERT INTO `posts` VALUES (30, '零失败红烧肉做法，肥而不腻的秘诀在这里', '新手也能做好的红烧肉，核心是“炒糖色+慢炖”，无需复杂调料，出锅软糯入味，肥而不腻！', '# 零失败红烧肉\n\n## 食材准备\n- 五花肉：500g（带皮三层肉最佳）\n- 姜片：5片\n- 葱段：适量\n- 冰糖：10g\n- 生抽、老抽、料酒：适量\n- 八角、桂皮：各1个（可选）\n\n## 烹饪步骤\n1. 五花肉切块，冷水下锅，加姜片+料酒焯水，撇去浮沫后捞出沥干；\n2. 热锅不放油，放入五花肉煸炒至表面微黄（逼出多余油脂）；\n3. 加冰糖小火炒至融化呈焦糖色，与五花肉翻炒均匀；\n4. 加生抽（提鲜）、老抽（上色）翻炒，倒入热水没过肉；\n5. 放入八角、桂皮、葱段，大火烧开后转小火慢炖40分钟；\n6. 大火收汁，至汤汁浓稠裹住肉块即可。\n\n## 小贴士\n- 焯水用冷水，炖肉用热水，避免肉质发柴；\n- 冰糖量根据口味调整，炒糖色别糊（会发苦）。', 2897, 1, '2025-12-08 21:16:35', '2025-12-08 21:55:31');
INSERT INTO `posts` VALUES (31, '正宗川味麻婆豆腐，麻辣鲜香的关键调料', '还原川菜经典麻婆豆腐，重点在“郫县豆瓣+花椒粉”，豆腐嫩而不碎，麻辣味透！', '# 正宗川味麻婆豆腐\n\n## 食材准备\n- 嫩豆腐：1盒（300g）\n- 牛肉末：50g（可选猪肉末）\n- 郫县豆瓣：1勺\n- 干辣椒、花椒：适量\n- 姜蒜末、葱花：少许\n- 生抽、淀粉、盐：适量\n\n## 烹饪步骤\n1. 豆腐切2cm见方的小块，开水加少许盐焯1分钟（防碎）；\n2. 热锅冷油，爆香姜蒜末+干辣椒+花椒，加牛肉末炒至变色；\n3. 加1勺郫县豆瓣炒出红油，倒入半碗清水，加生抽调味；\n4. 放入豆腐，小火煮3分钟（轻轻推拌，避免翻炒）；\n5. 水淀粉勾芡，撒花椒粉和葱花，出锅即可。\n\n## 小贴士\n- 豆腐选嫩豆腐，焯水加少许盐更入味；\n- 最后撒花椒粉是灵魂，喜欢麻味可多放。', 1987, 1, '2025-12-08 21:16:35', '2025-12-08 21:16:35');
INSERT INTO `posts` VALUES (32, '家常酸菜鱼，鱼片嫩滑不碎的3个技巧', '在家做酸菜鱼不用复杂步骤，掌握“鱼片上浆、酸菜炒香、小火煮鱼”，比饭店还好吃！', '# 家常酸菜鱼\n\n## 食材准备\n- 草鱼片：300g\n- 酸菜：1包（200g）\n- 泡椒、姜片、蒜末：适量\n- 蛋清：1个\n- 淀粉、料酒、盐：适量\n\n## 烹饪步骤\n1. 鱼片加料酒+盐+蛋清+淀粉抓匀，腌制10分钟（上浆锁水）；\n2. 酸菜切小段，泡椒切圈，姜蒜切末；\n3. 热锅冷油，爆香姜蒜末+泡椒，加酸菜炒出香味；\n4. 倒入足量清水（或骨汤），大火烧开后煮5分钟；\n5. 转小火，逐片放入鱼片，煮至变色（约1分钟，别煮太久）；\n6. 加少许盐调味，撒葱花，出锅即可。\n\n## 小贴士\n- 鱼片切厚一点，上浆后更嫩；\n- 煮鱼用小火，避免鱼片煮碎。', 2564, 1, '2025-12-08 21:16:35', '2025-12-08 21:16:35');
INSERT INTO `posts` VALUES (33, '酸甜微辣的宫保鸡丁，复刻饭店味道', '宫保鸡丁的核心是“汁料比例”，糖醋1:1，搭配花生的香脆，鸡肉滑嫩，超下饭！', '# 经典宫保鸡丁\n\n## 食材准备\n- 鸡胸肉：300g（或鸡腿肉）\n- 花生米：50g\n- 干辣椒、花椒：适量\n- 黄瓜、胡萝卜：各半根\n- 生抽、醋、糖、淀粉：适量\n\n## 烹饪步骤\n1. 鸡胸肉切丁，加料酒+盐+淀粉抓匀腌制10分钟；\n2. 调汁：生抽2勺+醋2勺+糖2勺+少许淀粉+半碗水，搅匀备用；\n3. 黄瓜、胡萝卜切丁，干辣椒剪段；\n4. 热锅冷油，爆香花椒+干辣椒，放入鸡丁炒至变色；\n5. 加胡萝卜丁翻炒，倒入调好的汁，煮至浓稠；\n6. 加黄瓜丁+花生米，翻炒均匀即可。\n\n## 小贴士\n- 花生米最后放，保持香脆；\n- 汁料比例可根据口味调整，酸甜微辣最佳。', 1752, 1, '2025-12-08 21:16:35', '2025-12-08 21:16:35');
INSERT INTO `posts` VALUES (34, '家常青椒炒肉，肉香不柴的秘诀', '青椒炒肉的关键是“先炒肉再炒青椒”，肉用生抽腌制，青椒炒至断生，简单又下饭！', '# 家常青椒炒肉\n\n## 食材准备\n- 猪肉（前腿肉）：200g（肥瘦相间）\n- 青椒：3个（线椒/杭椒均可）\n- 姜片、蒜末：少许\n- 生抽、老抽、盐：适量\n\n## 烹饪步骤\n1. 猪肉切片，加生抽+少许淀粉抓匀腌制5分钟；\n2. 青椒去籽切片，姜蒜切末；\n3. 热锅冷油，放入肉片炒至变色，盛出备用；\n4. 留底油，爆香姜蒜末，加青椒片翻炒至断生；\n5. 倒回肉片，加少许老抽上色，盐调味，翻炒均匀即可。\n\n## 小贴士\n- 猪肉选肥瘦相间的，炒出来更香；\n- 青椒别炒太久，保持脆嫩口感。', 1129, 1, '2025-12-08 21:16:35', '2025-12-08 21:16:35');
INSERT INTO `posts` VALUES (35, '鲜嫩不腥的清蒸鲈鱼，新手也能零失败', '清蒸鲈鱼的核心是“蒸制时间+去腥处理”，蒸好后淋热油+蒸鱼豉油，鲜掉眉毛！', '# 清蒸鲈鱼\n\n## 食材准备\n- 鲈鱼：1条（500g左右）\n- 姜片、葱段、葱丝：适量\n- 蒸鱼豉油、料酒、食用油：适量\n\n## 烹饪步骤\n1. 鲈鱼处理干净，鱼身划2刀（方便入味），用料酒+姜片腌制10分钟去腥；\n2. 蒸锅加水烧开，放入鲈鱼，大火蒸8-10分钟（根据鱼大小调整）；\n3. 取出鲈鱼，倒掉盘中的汤汁，挑出姜片和葱段；\n4. 铺上新的葱丝，淋上蒸鱼豉油；\n5. 热锅烧少许热油，淋在葱丝上，激出香味即可。\n\n## 小贴士\n- 蒸制时间别太长，否则肉质变老；\n- 最后淋热油是灵魂，香味更浓。', 2108, 1, '2025-12-08 21:16:35', '2025-12-08 21:16:35');
INSERT INTO `posts` VALUES (36, '软烂脱骨的红烧排骨，孩子超爱吃', '红烧排骨不用高压锅，小火慢炖也能软烂脱骨，调味简单，酱香浓郁！', '# 红烧排骨\n\n## 食材准备\n- 排骨：500g（肋排最佳）\n- 姜片、葱段：适量\n- 冰糖：8g\n- 生抽、老抽、料酒：适量\n- 八角：1个（可选）\n\n## 烹饪步骤\n1. 排骨冷水下锅，加姜片+料酒焯水，撇去浮沫后捞出；\n2. 热锅冷油，加冰糖小火炒至焦糖色，放入排骨翻炒均匀；\n3. 加生抽+老抽翻炒上色，倒入热水没过排骨；\n4. 放入葱段+八角，大火烧开后转小火炖60分钟；\n5. 大火收汁，至汤汁浓稠裹住排骨即可。\n\n## 小贴士\n- 排骨焯水去血沫，炖出来不腥；\n- 喜欢软烂的可多炖10分钟。', 2673, 1, '2025-12-08 21:16:35', '2025-12-08 21:16:35');
INSERT INTO `posts` VALUES (37, '川味水煮肉片，麻辣过瘾，配菜吸汁', '水煮肉片的关键是“汤底麻辣+肉片滑嫩”，配菜选豆芽/生菜，吸满汤汁超下饭！', '# 川味水煮肉片\n\n## 食材准备\n- 猪里脊肉：200g\n- 豆芽/生菜：200g\n- 干辣椒、花椒：适量\n- 郫县豆瓣：1勺\n- 姜蒜末、葱花：少许\n- 蛋清、淀粉：适量\n\n## 烹饪步骤\n1. 里脊肉切片，加料酒+盐+蛋清+淀粉抓匀腌制10分钟；\n2. 豆芽/生菜洗净，焯水后铺在碗底；\n3. 热锅冷油，爆香姜蒜末+郫县豆瓣，炒出红油；\n4. 倒入清水，加生抽调味，大火烧开；\n5. 转小火，放入肉片煮至变色，连汤倒入铺好配菜的碗中；\n6. 撒干辣椒+花椒，淋热油激香，撒葱花即可。\n\n## 小贴士\n- 肉片切薄一点，腌制后更嫩；\n- 热油温度要高，才能激出辣椒和花椒的香味。', 1895, 1, '2025-12-08 21:16:35', '2025-12-08 21:16:35');
INSERT INTO `posts` VALUES (38, '零失败可乐鸡翅，孩子的最爱', '可乐鸡翅只需2种主料，不用复杂调料，甜香入味，新手也能一次成功！', '# 可乐鸡翅\n\n## 食材准备\n- 鸡翅：8个\n- 可乐：1罐（330ml）\n- 姜片、料酒、生抽：适量\n- 盐：少许\n\n## 烹饪步骤\n1. 鸡翅两面划刀，冷水下锅，加姜片+料酒焯水，捞出沥干；\n2. 热锅冷油，放入鸡翅煎至两面微黄；\n3. 加1勺生抽翻炒上色，倒入可乐（没过鸡翅）；\n4. 大火烧开后转小火，煮15分钟；\n5. 加少许盐调味，大火收汁至汤汁浓稠即可。\n\n## 小贴士\n- 可乐选普通含糖可乐，别用无糖的；\n- 收汁时要不停搅拌，避免糊锅。', 3012, 1, '2025-12-08 21:16:35', '2025-12-08 21:16:35');

-- ----------------------------
-- Table structure for tags
-- ----------------------------
DROP TABLE IF EXISTS `tags`;
CREATE TABLE `tags`  (
  `id` int NOT NULL AUTO_INCREMENT,
  `name` varchar(50) CHARACTER SET utf8mb4 COLLATE utf8mb4_unicode_ci NOT NULL,
  PRIMARY KEY (`id`) USING BTREE,
  UNIQUE INDEX `name`(`name` ASC) USING BTREE
) ENGINE = InnoDB AUTO_INCREMENT = 9 CHARACTER SET = utf8mb4 COLLATE = utf8mb4_unicode_ci ROW_FORMAT = Dynamic;

-- ----------------------------
-- Records of tags
-- ----------------------------
INSERT INTO `tags` VALUES (4, '下饭菜');
INSERT INTO `tags` VALUES (1, '家常菜');
INSERT INTO `tags` VALUES (2, '川菜');
INSERT INTO `tags` VALUES (8, '快手菜');
INSERT INTO `tags` VALUES (5, '新手友好');
INSERT INTO `tags` VALUES (3, '粤菜');
INSERT INTO `tags` VALUES (7, '肉类');
INSERT INTO `tags` VALUES (6, '鱼肉');

-- ----------------------------
-- Table structure for users
-- ----------------------------
DROP TABLE IF EXISTS `users`;
CREATE TABLE `users`  (
  `id` int NOT NULL AUTO_INCREMENT COMMENT '主键ID',
  `username` varchar(50) CHARACTER SET utf8mb4 COLLATE utf8mb4_unicode_ci NOT NULL COMMENT '用户名',
  `password` varchar(255) CHARACTER SET utf8mb4 COLLATE utf8mb4_unicode_ci NOT NULL COMMENT '密码(加密存储)',
  `created_at` timestamp NULL DEFAULT CURRENT_TIMESTAMP COMMENT '创建时间',
  PRIMARY KEY (`id`) USING BTREE,
  UNIQUE INDEX `username`(`username` ASC) USING BTREE
) ENGINE = InnoDB AUTO_INCREMENT = 1 CHARACTER SET = utf8mb4 COLLATE = utf8mb4_unicode_ci ROW_FORMAT = Dynamic;

-- ----------------------------
-- Records of users
-- ----------------------------

SET FOREIGN_KEY_CHECKS = 1;
